{
  "dataset": "New Data",
  "orders": "NEW_DATA/OrderData.csv",
  "stock": "NEW_DATA/StockData.csv",
  "stock_used": "benchmark_outputs/route_cleanup_comparison/new_data/normalized_stock.csv",
  "base_summary": {
    "algorithm": "LK seed for 1-location articles + ascending grouped insertion + open THM shortcut",
    "objective_value": 1897.12,
    "distance": 967.1199999999999,
    "floors": 4,
    "thms": 54,
    "pick_rows": 80,
    "visited_nodes": 33,
    "solve_time": 0.06967637501657009,
    "phase_times": {
      "prep_single_location": 3.0624913051724434e-05,
      "lk_seed_route": 2.0249979570508003e-05,
      "ascending_grouped_phase": 0.06502729188650846,
      "total": 0.06967637501657009
    },
    "notes": {
      "grouping": "1-location prep -> LK route seed -> exact candidate-count groups ascending 2,3,4,...",
      "open_thm_shortcut": "enabled",
      "route_cleanup": "disabled (no 2-opt)",
      "lk_seed_floor_times": {
        "MZN2": 1.0875053703784943e-05,
        "MZN6": 8.125090971589088e-06
      },
      "fast_reuse_steps": 26,
      "strict_steps": 52,
      "strict_candidate_evals": 447,
      "strict_position_evals": 3503
    },
    "distribution": {
      "1": 2,
      "2": 7,
      "3": 10,
      "4": 8,
      "5": 6,
      "7": 10,
      "8": 4,
      "9": 2,
      "10": 2,
      "11": 1,
      "12": 2,
      "13": 1,
      "14": 1,
      "15": 1,
      "16": 1,
      "18": 2,
      "22": 2,
      "23": 4,
      "24": 2,
      "25": 2,
      "26": 1,
      "28": 1,
      "30": 1,
      "32": 1,
      "34": 1,
      "37": 1,
      "39": 1
    },
    "completed_by_exact_group": {
      "2": 7,
      "3": 10,
      "4": 8,
      "5": 6,
      "7": 10,
      "8": 4,
      "9": 2,
      "10": 2,
      "11": 1,
      "12": 2,
      "13": 1,
      "14": 1,
      "15": 1,
      "16": 1,
      "18": 2,
      "22": 2,
      "23": 4,
      "24": 2,
      "25": 2,
      "26": 1,
      "28": 1,
      "30": 1,
      "32": 1,
      "34": 1,
      "37": 1,
      "39": 1
    },
    "group_finish_times_sec": {
      "2": 0.0003,
      "3": 0.0015,
      "4": 0.003,
      "5": 0.0046,
      "7": 0.0095,
      "8": 0.0105,
      "9": 0.0105,
      "10": 0.012,
      "11": 0.0132,
      "12": 0.0166,
      "13": 0.0166,
      "14": 0.0195,
      "15": 0.0216,
      "16": 0.0248,
      "18": 0.0329,
      "22": 0.0329,
      "23": 0.0366,
      "24": 0.0417,
      "25": 0.0418,
      "26": 0.0418,
      "28": 0.0467,
      "30": 0.0467,
      "32": 0.0467,
      "34": 0.0467,
      "37": 0.0557,
      "39": 0.065
    }
  },
  "variants": [
    {
      "variant": "none",
      "objective": 1897.12,
      "distance": 967.1199999999999,
      "floors": 4,
      "thms": 54,
      "pick_rows": 80,
      "visited_nodes": 33,
      "base_time": 0.06967637501657009,
      "cleanup_time": 6.141699850559235e-05,
      "total_time": 0.06973779201507568,
      "pick_output": "benchmark_outputs/route_cleanup_comparison/new_data/none_pick.csv",
      "alt_output": "benchmark_outputs/route_cleanup_comparison/new_data/none_alt.csv"
    },
    {
      "variant": "2-opt",
      "objective": 1897.12,
      "distance": 967.1199999999999,
      "floors": 4,
      "thms": 54,
      "pick_rows": 80,
      "visited_nodes": 33,
      "base_time": 0.06967637501657009,
      "cleanup_time": 0.0010261249262839556,
      "total_time": 0.07070249994285405,
      "pick_output": "benchmark_outputs/route_cleanup_comparison/new_data/two_opt_pick.csv",
      "alt_output": "benchmark_outputs/route_cleanup_comparison/new_data/two_opt_alt.csv"
    },
    {
      "variant": "swap",
      "objective": 1897.12,
      "distance": 967.1199999999999,
      "floors": 4,
      "thms": 54,
      "pick_rows": 80,
      "visited_nodes": 33,
      "base_time": 0.06967637501657009,
      "cleanup_time": 0.002832499798387289,
      "total_time": 0.07250887481495738,
      "pick_output": "benchmark_outputs/route_cleanup_comparison/new_data/swap_pick.csv",
      "alt_output": "benchmark_outputs/route_cleanup_comparison/new_data/swap_alt.csv"
    },
    {
      "variant": "relocate",
      "objective": 1897.12,
      "distance": 967.1199999999999,
      "floors": 4,
      "thms": 54,
      "pick_rows": 80,
      "visited_nodes": 33,
      "base_time": 0.06967637501657009,
      "cleanup_time": 0.005706125171855092,
      "total_time": 0.07538250018842518,
      "pick_output": "benchmark_outputs/route_cleanup_comparison/new_data/relocate_pick.csv",
      "alt_output": "benchmark_outputs/route_cleanup_comparison/new_data/relocate_alt.csv"
    }
  ]
}