{
  "algorithm": "LK seed for 1-location articles + ascending grouped insertion + open THM shortcut",
  "objective_value": 41018.72,
  "distance": 8183.7199999999975,
  "floors": 6,
  "thms": 2177,
  "pick_rows": 2823,
  "visited_nodes": 810,
  "solve_time": 206.31838600011542,
  "phase_times": {
    "prep_single_location": 0.027061207918450236,
    "lk_seed_route": 0.11770983412861824,
    "ascending_grouped_phase": 206.17361495806836,
    "total": 206.31838600011542
  },
  "notes": {
    "grouping": "1-location prep -> LK route seed -> exact candidate-count groups ascending 2,3,4,...",
    "open_thm_shortcut": "enabled",
    "route_cleanup": "disabled (no 2-opt)",
    "lk_seed_floor_times": {
      "MZN1": 0.02132958290167153,
      "MZN2": 0.018725041998550296,
      "MZN3": 0.010052750119939446,
      "MZN4": 0.02056599990464747,
      "MZN5": 0.021302083041518927,
      "MZN6": 0.0257211250718683
    },
    "fast_reuse_steps": 628,
    "strict_steps": 1884,
    "strict_candidate_evals": 17508,
    "strict_position_evals": 1667796
  },
  "distribution": {
    "1": 311,
    "2": 367,
    "3": 324,
    "4": 236,
    "5": 231,
    "6": 185,
    "7": 161,
    "8": 117,
    "9": 75,
    "10": 63,
    "11": 65,
    "12": 58,
    "13": 40,
    "14": 41,
    "15": 39,
    "16": 32,
    "17": 21,
    "18": 40,
    "19": 25,
    "20": 22,
    "21": 21,
    "22": 24,
    "23": 16,
    "24": 24,
    "25": 7,
    "26": 16,
    "27": 10,
    "28": 10,
    "29": 9,
    "30": 8,
    "31": 13,
    "32": 18,
    "33": 6,
    "34": 7,
    "35": 8,
    "36": 5,
    "37": 6,
    "38": 4,
    "39": 7,
    "40": 11,
    "41": 6,
    "42": 5,
    "43": 6,
    "44": 3,
    "45": 3,
    "46": 2,
    "47": 2,
    "48": 1,
    "49": 4,
    "50": 2,
    "51": 2,
    "52": 2,
    "53": 3,
    "54": 2,
    "55": 4,
    "56": 3,
    "57": 3,
    "58": 2,
    "59": 1,
    "60": 1,
    "61": 4,
    "62": 1,
    "63": 1,
    "64": 1,
    "65": 1,
    "70": 1,
    "71": 2,
    "74": 1,
    "75": 2,
    "78": 1,
    "81": 1,
    "85": 1,
    "88": 1,
    "155": 1
  },
  "completed_by_exact_group": {
    "2": 367,
    "3": 324,
    "4": 236,
    "5": 231,
    "6": 185,
    "7": 161,
    "8": 117,
    "9": 75,
    "10": 63,
    "11": 65,
    "12": 58,
    "13": 40,
    "14": 41,
    "15": 39,
    "16": 32,
    "17": 21,
    "18": 40,
    "19": 25,
    "20": 22,
    "21": 21,
    "22": 24,
    "23": 16,
    "24": 24,
    "25": 7,
    "26": 16,
    "27": 10,
    "28": 10,
    "29": 9,
    "30": 8,
    "31": 13,
    "32": 18,
    "33": 6,
    "34": 7,
    "35": 8,
    "36": 5,
    "37": 6,
    "38": 4,
    "39": 7,
    "40": 11,
    "41": 6,
    "42": 5,
    "43": 6,
    "44": 3,
    "45": 3,
    "46": 2,
    "47": 2,
    "48": 1,
    "49": 4,
    "50": 2,
    "51": 2,
    "52": 2,
    "53": 3,
    "54": 2,
    "55": 4,
    "56": 3,
    "57": 3,
    "58": 2,
    "59": 1,
    "60": 1,
    "61": 4,
    "62": 1,
    "63": 1,
    "64": 1,
    "65": 1,
    "70": 1,
    "71": 2,
    "74": 1,
    "75": 2,
    "78": 1,
    "81": 1,
    "85": 1,
    "88": 1,
    "155": 1
  },
  "group_finish_times_sec": {
    "2": 2.2831,
    "3": 7.1606,
    "4": 12.8601,
    "5": 20.3356,
    "6": 28.4117,
    "7": 37.9847,
    "8": 45.1847,
    "9": 50.7821,
    "10": 56.691,
    "11": 62.9375,
    "12": 69.2517,
    "13": 73.597,
    "14": 79.1449,
    "15": 83.9248,
    "16": 88.5657,
    "17": 92.0997,
    "18": 100.3359,
    "19": 104.1207,
    "20": 108.6114,
    "21": 113.75,
    "22": 118.5559,
    "23": 122.2378,
    "24": 127.6939,
    "25": 128.7907,
    "26": 133.6469,
    "27": 136.3697,
    "28": 138.4586,
    "29": 140.8668,
    "30": 143.1384,
    "31": 145.9665,
    "32": 151.8028,
    "33": 153.4921,
    "34": 155.6228,
    "35": 157.6335,
    "36": 158.8848,
    "37": 162.0317,
    "38": 163.1944,
    "39": 164.8404,
    "40": 167.5814,
    "41": 170.0356,
    "42": 172.0074,
    "43": 173.9489,
    "44": 174.5656,
    "45": 176.0319,
    "46": 176.6891,
    "47": 177.2801,
    "48": 177.8237,
    "49": 179.4564,
    "50": 180.2056,
    "51": 181.5093,
    "52": 181.5094,
    "53": 182.4384,
    "54": 183.3535,
    "55": 185.9557,
    "56": 186.6941,
    "57": 189.4555,
    "58": 190.9255,
    "59": 190.9255,
    "60": 191.7379,
    "61": 192.5009,
    "62": 193.0005,
    "63": 194.2498,
    "64": 195.1181,
    "65": 196.2754,
    "70": 197.3349,
    "71": 197.3351,
    "74": 198.136,
    "75": 201.0807,
    "78": 202.4358,
    "81": 203.6219,
    "85": 204.825,
    "88": 206.1735,
    "155": 206.1736
  }
}