{
  "dataset": "Old Full Data",
  "orders": "PickOrder.csv",
  "stock": "StockData.csv",
  "stock_used": "StockData.csv",
  "base_summary": {
    "algorithm": "LK seed for 1-location articles + ascending grouped insertion + open THM shortcut",
    "objective_value": 41042.36,
    "distance": 8147.359999999998,
    "floors": 6,
    "thms": 2181,
    "pick_rows": 2825,
    "visited_nodes": 809,
    "solve_time": 205.1269199589733,
    "phase_times": {
      "prep_single_location": 0.02658912492915988,
      "lk_seed_route": 0.0937589171808213,
      "ascending_grouped_phase": 204.84726091683842,
      "total": 205.1269199589733
    },
    "notes": {
      "grouping": "1-location prep -> LK route seed -> exact candidate-count groups ascending 2,3,4,...",
      "open_thm_shortcut": "enabled",
      "route_cleanup": "disabled (no 2-opt)",
      "lk_seed_floor_times": {
        "MZN1": 0.006318749859929085,
        "MZN2": 0.018600625218823552,
        "MZN3": 0.01151870796456933,
        "MZN4": 0.016810750123113394,
        "MZN5": 0.01833366695791483,
        "MZN6": 0.022166999988257885
      },
      "fast_reuse_steps": 626,
      "strict_steps": 1888,
      "strict_candidate_evals": 17501,
      "strict_position_evals": 1665367
    },
    "distribution": {
      "1": 311,
      "2": 367,
      "3": 324,
      "4": 236,
      "5": 231,
      "6": 185,
      "7": 161,
      "8": 117,
      "9": 75,
      "10": 63,
      "11": 65,
      "12": 58,
      "13": 40,
      "14": 41,
      "15": 39,
      "16": 32,
      "17": 21,
      "18": 40,
      "19": 25,
      "20": 22,
      "21": 21,
      "22": 24,
      "23": 16,
      "24": 24,
      "25": 7,
      "26": 16,
      "27": 10,
      "28": 10,
      "29": 9,
      "30": 8,
      "31": 13,
      "32": 18,
      "33": 6,
      "34": 7,
      "35": 8,
      "36": 5,
      "37": 6,
      "38": 4,
      "39": 7,
      "40": 11,
      "41": 6,
      "42": 5,
      "43": 6,
      "44": 3,
      "45": 3,
      "46": 2,
      "47": 2,
      "48": 1,
      "49": 4,
      "50": 2,
      "51": 2,
      "52": 2,
      "53": 3,
      "54": 2,
      "55": 4,
      "56": 3,
      "57": 3,
      "58": 2,
      "59": 1,
      "60": 1,
      "61": 4,
      "62": 1,
      "63": 1,
      "64": 1,
      "65": 1,
      "70": 1,
      "71": 2,
      "74": 1,
      "75": 2,
      "78": 1,
      "81": 1,
      "85": 1,
      "88": 1,
      "155": 1
    },
    "completed_by_exact_group": {
      "2": 367,
      "3": 324,
      "4": 236,
      "5": 231,
      "6": 185,
      "7": 161,
      "8": 117,
      "9": 75,
      "10": 63,
      "11": 65,
      "12": 58,
      "13": 40,
      "14": 41,
      "15": 39,
      "16": 32,
      "17": 21,
      "18": 40,
      "19": 25,
      "20": 22,
      "21": 21,
      "22": 24,
      "23": 16,
      "24": 24,
      "25": 7,
      "26": 16,
      "27": 10,
      "28": 10,
      "29": 9,
      "30": 8,
      "31": 13,
      "32": 18,
      "33": 6,
      "34": 7,
      "35": 8,
      "36": 5,
      "37": 6,
      "38": 4,
      "39": 7,
      "40": 11,
      "41": 6,
      "42": 5,
      "43": 6,
      "44": 3,
      "45": 3,
      "46": 2,
      "47": 2,
      "48": 1,
      "49": 4,
      "50": 2,
      "51": 2,
      "52": 2,
      "53": 3,
      "54": 2,
      "55": 4,
      "56": 3,
      "57": 3,
      "58": 2,
      "59": 1,
      "60": 1,
      "61": 4,
      "62": 1,
      "63": 1,
      "64": 1,
      "65": 1,
      "70": 1,
      "71": 2,
      "74": 1,
      "75": 2,
      "78": 1,
      "81": 1,
      "85": 1,
      "88": 1,
      "155": 1
    },
    "group_finish_times_sec": {
      "2": 2.3664,
      "3": 7.3595,
      "4": 13.062,
      "5": 20.4776,
      "6": 28.6905,
      "7": 38.3474,
      "8": 44.8176,
      "9": 50.1224,
      "10": 55.6492,
      "11": 61.6251,
      "12": 67.5918,
      "13": 71.6237,
      "14": 77.1908,
      "15": 81.9699,
      "16": 86.69,
      "17": 90.201,
      "18": 97.7552,
      "19": 101.4817,
      "20": 106.2744,
      "21": 111.5881,
      "22": 116.1067,
      "23": 120.3064,
      "24": 126.2164,
      "25": 127.3227,
      "26": 132.463,
      "27": 135.5059,
      "28": 138.2291,
      "29": 140.3718,
      "30": 142.6484,
      "31": 145.5263,
      "32": 151.416,
      "33": 153.0864,
      "34": 155.2715,
      "35": 157.2058,
      "36": 158.4718,
      "37": 161.7795,
      "38": 162.9404,
      "39": 164.6813,
      "40": 167.7008,
      "41": 170.0743,
      "42": 172.1552,
      "43": 174.1497,
      "44": 174.1498,
      "45": 175.6687,
      "46": 176.228,
      "47": 176.8781,
      "48": 177.4194,
      "49": 179.0969,
      "50": 180.4932,
      "51": 181.9192,
      "52": 181.9193,
      "53": 182.8196,
      "54": 183.7159,
      "55": 185.3408,
      "56": 186.1472,
      "57": 188.9654,
      "58": 190.3189,
      "59": 190.319,
      "60": 191.0032,
      "61": 191.7699,
      "62": 192.3696,
      "63": 193.5737,
      "64": 194.4656,
      "65": 195.6064,
      "70": 196.6347,
      "71": 196.6348,
      "74": 197.3949,
      "75": 199.5241,
      "78": 200.967,
      "81": 202.0777,
      "85": 203.3304,
      "88": 204.8471,
      "155": 204.8473
    }
  },
  "variants": [
    {
      "variant": "none",
      "objective": 41042.36,
      "distance": 8147.359999999998,
      "floors": 6,
      "thms": 2181,
      "pick_rows": 2825,
      "visited_nodes": 809,
      "base_time": 205.1269199589733,
      "cleanup_time": 0.0006982500199228525,
      "total_time": 205.12761820899323,
      "pick_output": "benchmark_outputs/route_cleanup_comparison/old_full_data/none_pick.csv",
      "alt_output": "benchmark_outputs/route_cleanup_comparison/old_full_data/none_alt.csv"
    },
    {
      "variant": "2-opt",
      "objective": 40954.56,
      "distance": 8059.559999999999,
      "floors": 6,
      "thms": 2181,
      "pick_rows": 2825,
      "visited_nodes": 809,
      "base_time": 205.1269199589733,
      "cleanup_time": 0.5532005419954658,
      "total_time": 205.68012050096877,
      "pick_output": "benchmark_outputs/route_cleanup_comparison/old_full_data/two_opt_pick.csv",
      "alt_output": "benchmark_outputs/route_cleanup_comparison/old_full_data/two_opt_alt.csv"
    },
    {
      "variant": "swap",
      "objective": 41030.759999999995,
      "distance": 8135.759999999998,
      "floors": 6,
      "thms": 2181,
      "pick_rows": 2825,
      "visited_nodes": 809,
      "base_time": 205.1269199589733,
      "cleanup_time": 9.11103166709654,
      "total_time": 214.23795162606984,
      "pick_output": "benchmark_outputs/route_cleanup_comparison/old_full_data/swap_pick.csv",
      "alt_output": "benchmark_outputs/route_cleanup_comparison/old_full_data/swap_alt.csv"
    },
    {
      "variant": "relocate",
      "objective": 41023.799999999996,
      "distance": 8128.799999999997,
      "floors": 6,
      "thms": 2181,
      "pick_rows": 2825,
      "visited_nodes": 809,
      "base_time": 205.1269199589733,
      "cleanup_time": 23.508349040988833,
      "total_time": 228.63526899996214,
      "pick_output": "benchmark_outputs/route_cleanup_comparison/old_full_data/relocate_pick.csv",
      "alt_output": "benchmark_outputs/route_cleanup_comparison/old_full_data/relocate_alt.csv"
    }
  ]
}