{
  "algorithm": "Strict Descending Grouped Insertion + Open THM Shortcut (No Cap)",
  "objective_value": 43801.560000000005,
  "distance": 8821.560000000003,
  "floors": 6,
  "thms": 2320,
  "pick_rows": 2820,
  "visited_nodes": 887,
  "solve_time": 102.08492604130879,
  "phase_times": {
    "prep_single_location": 0.026899166172370315,
    "strict_desc_open_thm": 102.05802687513642,
    "total": 102.08492604130879
  },
  "notes": {
    "grouping": "1-location prep, then exact candidate-count groups descending max,...,2",
    "open_thm_shortcut": "enabled",
    "route_cleanup": "disabled (no 2-opt)",
    "fast_reuse_steps": 482,
    "strict_steps": 2027,
    "strict_candidate_evals": 21043,
    "strict_position_evals": 1279854
  },
  "distribution": {
    "1": 311,
    "2": 367,
    "3": 324,
    "4": 236,
    "5": 231,
    "6": 185,
    "7": 161,
    "8": 117,
    "9": 75,
    "10": 63,
    "11": 65,
    "12": 58,
    "13": 40,
    "14": 41,
    "15": 39,
    "16": 32,
    "17": 21,
    "18": 40,
    "19": 25,
    "20": 22,
    "21": 21,
    "22": 24,
    "23": 16,
    "24": 24,
    "25": 7,
    "26": 16,
    "27": 10,
    "28": 10,
    "29": 9,
    "30": 8,
    "31": 13,
    "32": 18,
    "33": 6,
    "34": 7,
    "35": 8,
    "36": 5,
    "37": 6,
    "38": 4,
    "39": 7,
    "40": 11,
    "41": 6,
    "42": 5,
    "43": 6,
    "44": 3,
    "45": 3,
    "46": 2,
    "47": 2,
    "48": 1,
    "49": 4,
    "50": 2,
    "51": 2,
    "52": 2,
    "53": 3,
    "54": 2,
    "55": 4,
    "56": 3,
    "57": 3,
    "58": 2,
    "59": 1,
    "60": 1,
    "61": 4,
    "62": 1,
    "63": 1,
    "64": 1,
    "65": 1,
    "70": 1,
    "71": 2,
    "74": 1,
    "75": 2,
    "78": 1,
    "81": 1,
    "85": 1,
    "88": 1,
    "155": 1
  },
  "completed_by_exact_group_desc": {
    "155": 1,
    "88": 1,
    "85": 1,
    "81": 1,
    "78": 1,
    "75": 2,
    "74": 1,
    "71": 2,
    "70": 1,
    "65": 1,
    "64": 1,
    "63": 1,
    "62": 1,
    "61": 4,
    "60": 1,
    "59": 1,
    "58": 2,
    "57": 3,
    "56": 3,
    "55": 4,
    "54": 2,
    "53": 3,
    "52": 2,
    "51": 2,
    "50": 2,
    "49": 4,
    "48": 1,
    "47": 2,
    "46": 2,
    "45": 3,
    "44": 3,
    "43": 6,
    "42": 5,
    "41": 6,
    "40": 11,
    "39": 7,
    "38": 4,
    "37": 6,
    "36": 5,
    "35": 8,
    "34": 7,
    "33": 6,
    "32": 18,
    "31": 13,
    "30": 8,
    "29": 9,
    "28": 10,
    "27": 10,
    "26": 16,
    "25": 7,
    "24": 24,
    "23": 16,
    "22": 24,
    "21": 21,
    "20": 22,
    "19": 25,
    "18": 40,
    "17": 21,
    "16": 32,
    "15": 39,
    "14": 41,
    "13": 40,
    "12": 58,
    "11": 65,
    "10": 63,
    "9": 75,
    "8": 117,
    "7": 161,
    "6": 185,
    "5": 231,
    "4": 236,
    "3": 324,
    "2": 367
  },
  "group_finish_times_sec_desc": {
    "155": 0.414,
    "88": 0.6551,
    "85": 0.8743,
    "81": 1.1193,
    "78": 1.3238,
    "75": 1.761,
    "74": 1.761,
    "71": 1.9598,
    "70": 2.1614,
    "65": 2.3365,
    "64": 2.5088,
    "63": 2.7185,
    "62": 2.828,
    "61": 3.5171,
    "60": 3.6917,
    "59": 3.8556,
    "58": 4.1729,
    "57": 4.6768,
    "56": 5.0138,
    "55": 5.4901,
    "54": 5.786,
    "53": 6.2497,
    "52": 6.2498,
    "51": 6.5506,
    "50": 6.7075,
    "49": 7.2146,
    "48": 7.3555,
    "47": 7.6319,
    "46": 7.8998,
    "45": 8.2886,
    "44": 8.5277,
    "43": 9.2543,
    "42": 9.8932,
    "41": 10.5571,
    "40": 11.5174,
    "39": 12.157,
    "38": 12.4985,
    "37": 13.1648,
    "36": 13.493,
    "35": 14.1543,
    "34": 14.7805,
    "33": 15.2549,
    "32": 16.8767,
    "31": 17.8234,
    "30": 18.3109,
    "29": 18.8843,
    "28": 19.5811,
    "27": 20.2773,
    "26": 21.532,
    "25": 22.0845,
    "24": 23.8934,
    "23": 25.1455,
    "22": 26.8515,
    "21": 28.4812,
    "20": 30.2168,
    "19": 31.5792,
    "18": 34.5776,
    "17": 35.9303,
    "16": 37.8342,
    "15": 40.3874,
    "14": 42.573,
    "13": 44.9605,
    "12": 47.98,
    "11": 51.4118,
    "10": 54.5827,
    "9": 58.3227,
    "8": 63.1724,
    "7": 69.9204,
    "6": 76.4528,
    "5": 83.4223,
    "4": 89.1663,
    "3": 96.0078,
    "2": 102.058
  }
}