{
  "algorithm": "2min Strict Prepass + GRASP Residual (No 2-opt)",
  "objective_value": 41471.56,
  "distance": 8546.56,
  "floors": 6,
  "thms": 2183,
  "pick_rows": 2824,
  "visited_nodes": 821,
  "solve_time": 209.33149266708642,
  "phase_times": {
    "phase1_prepass": 120.15402412507683,
    "phase2_grasp_search": 88.94858499988914,
    "total": 209.33149266708642
  },
  "notes": {
    "best_iteration": 15,
    "iterations_run": 25,
    "seed": 7,
    "rcl_alpha": "0.25",
    "article_rcl_size": 6,
    "location_rcl_size": 5,
    "route_cleanup": "disabled (no 2-opt)",
    "phase1_limit_sec": 120.0,
    "phase1_partial_group": 23,
    "phase1_fast_reuse_steps": 515,
    "phase1_strict_steps": 1733,
    "residual_articles": 251,
    "residual_candidate_locations": 9517
  },
  "phase1": {
    "single_location_articles": 311,
    "distribution": {
      "1": 311,
      "2": 367,
      "3": 324,
      "4": 236,
      "5": 231,
      "6": 185,
      "7": 161,
      "8": 117,
      "9": 75,
      "10": 63,
      "11": 65,
      "12": 58,
      "13": 40,
      "14": 41,
      "15": 39,
      "16": 32,
      "17": 21,
      "18": 40,
      "19": 25,
      "20": 22,
      "21": 21,
      "22": 24,
      "23": 16,
      "24": 24,
      "25": 7,
      "26": 16,
      "27": 10,
      "28": 10,
      "29": 9,
      "30": 8,
      "31": 13,
      "32": 18,
      "33": 6,
      "34": 7,
      "35": 8,
      "36": 5,
      "37": 6,
      "38": 4,
      "39": 7,
      "40": 11,
      "41": 6,
      "42": 5,
      "43": 6,
      "44": 3,
      "45": 3,
      "46": 2,
      "47": 2,
      "48": 1,
      "49": 4,
      "50": 2,
      "51": 2,
      "52": 2,
      "53": 3,
      "54": 2,
      "55": 4,
      "56": 3,
      "57": 3,
      "58": 2,
      "59": 1,
      "60": 1,
      "61": 4,
      "62": 1,
      "63": 1,
      "64": 1,
      "65": 1,
      "70": 1,
      "71": 2,
      "74": 1,
      "75": 2,
      "78": 1,
      "81": 1,
      "85": 1,
      "88": 1,
      "155": 1
    },
    "prep_elapsed": 0.025934583973139524,
    "phase1_elapsed": 120.15402412507683,
    "completed_by_exact_group": {
      "2": 367,
      "3": 324,
      "4": 236,
      "5": 231,
      "6": 185,
      "7": 161,
      "8": 117,
      "9": 75,
      "10": 63,
      "11": 65,
      "12": 58,
      "13": 40,
      "14": 41,
      "15": 39,
      "16": 32,
      "17": 21,
      "18": 40,
      "19": 25,
      "20": 22,
      "21": 21,
      "22": 24,
      "23": 10,
      "24": 0,
      "25": 0,
      "26": 0,
      "27": 0,
      "28": 0,
      "29": 0,
      "30": 0,
      "31": 0,
      "32": 0,
      "33": 0,
      "34": 0,
      "35": 0,
      "36": 0,
      "37": 0,
      "38": 0,
      "39": 0,
      "40": 0,
      "41": 0,
      "42": 0,
      "43": 0,
      "44": 0,
      "45": 0,
      "46": 0,
      "47": 0,
      "48": 0,
      "49": 0,
      "50": 0,
      "51": 0,
      "52": 0,
      "53": 0,
      "54": 0,
      "55": 0,
      "56": 0,
      "57": 0,
      "58": 0,
      "59": 0,
      "60": 0,
      "61": 0,
      "62": 0,
      "63": 0,
      "64": 0,
      "65": 0,
      "70": 0,
      "71": 0,
      "74": 0,
      "75": 0,
      "78": 0,
      "81": 0,
      "85": 0,
      "88": 0,
      "155": 0
    },
    "group_finish_times": {
      "2": 2.2525693750940263,
      "3": 6.942307916004211,
      "4": 12.574185291072354,
      "5": 19.75219079107046,
      "6": 27.84594070794992,
      "7": 37.46631558309309,
      "8": 43.64627187512815,
      "9": 49.40630970802158,
      "10": 55.179719832958654,
      "11": 61.48601087508723,
      "12": 68.44196574995294,
      "13": 73.30105533311144,
      "14": 78.73205458302982,
      "15": 83.58892520796508,
      "16": 87.99853516602889,
      "17": 91.41778741613962,
      "18": 99.26447400008328,
      "19": 102.97079533315264,
      "20": 107.49138170806691,
      "21": 112.68364345794544,
      "22": 117.58237816602923
    },
    "remaining_if_any": {
      "23": 6,
      "24": 24,
      "25": 7,
      "26": 16,
      "27": 10,
      "28": 10,
      "29": 9,
      "30": 8,
      "31": 13,
      "32": 18,
      "33": 6,
      "34": 7,
      "35": 8,
      "36": 5,
      "37": 6,
      "38": 4,
      "39": 7,
      "40": 11,
      "41": 6,
      "42": 5,
      "43": 6,
      "44": 3,
      "45": 3,
      "46": 2,
      "47": 2,
      "48": 1,
      "49": 4,
      "50": 2,
      "51": 2,
      "52": 2,
      "53": 3,
      "54": 2,
      "55": 4,
      "56": 3,
      "57": 3,
      "58": 2,
      "59": 1,
      "60": 1,
      "61": 4,
      "62": 1,
      "63": 1,
      "64": 1,
      "65": 1,
      "70": 1,
      "71": 2,
      "74": 1,
      "75": 2,
      "78": 1,
      "81": 1,
      "85": 1,
      "88": 1,
      "155": 1
    },
    "partial_group": 23,
    "fast_reuse_steps": 515,
    "strict_steps": 1733
  }
}