{
  "dataset": "4000 Sample",
  "orders": "4000SAMPLE/PickOrder_sample_4000.csv",
  "stock": "4000SAMPLE/StockData.csv",
  "stock_used": "4000SAMPLE/StockData.csv",
  "base_summary": {
    "algorithm": "LK seed for 1-location articles + ascending grouped insertion + open THM shortcut",
    "objective_value": 32453.0,
    "distance": 7342.999999999999,
    "floors": 6,
    "thms": 1662,
    "pick_rows": 2077,
    "visited_nodes": 664,
    "solve_time": 126.78129383316264,
    "phase_times": {
      "prep_single_location": 0.01591770793311298,
      "lk_seed_route": 0.052708375034853816,
      "ascending_grouped_phase": 126.54299737513065,
      "total": 126.78129383316264
    },
    "notes": {
      "grouping": "1-location prep -> LK route seed -> exact candidate-count groups ascending 2,3,4,...",
      "open_thm_shortcut": "enabled",
      "route_cleanup": "disabled (no 2-opt)",
      "lk_seed_floor_times": {
        "MZN1": 0.007110916078090668,
        "MZN2": 0.008138166973367333,
        "MZN3": 0.008252499857917428,
        "MZN4": 0.008072416996583343,
        "MZN5": 0.011946500046178699,
        "MZN6": 0.009173166006803513
      },
      "fast_reuse_steps": 408,
      "strict_steps": 1457,
      "strict_candidate_evals": 13899,
      "strict_position_evals": 1193897
    },
    "distribution": {
      "1": 212,
      "2": 252,
      "3": 243,
      "4": 175,
      "5": 170,
      "6": 135,
      "7": 122,
      "8": 95,
      "9": 54,
      "10": 49,
      "11": 54,
      "12": 47,
      "13": 32,
      "14": 30,
      "15": 28,
      "16": 26,
      "17": 13,
      "18": 33,
      "19": 20,
      "20": 18,
      "21": 16,
      "22": 18,
      "23": 12,
      "24": 17,
      "25": 7,
      "26": 12,
      "27": 9,
      "28": 10,
      "29": 7,
      "30": 6,
      "31": 11,
      "32": 16,
      "33": 5,
      "34": 5,
      "35": 7,
      "36": 3,
      "37": 5,
      "38": 2,
      "39": 7,
      "40": 7,
      "41": 4,
      "42": 4,
      "43": 5,
      "44": 1,
      "45": 3,
      "46": 2,
      "47": 1,
      "48": 1,
      "49": 3,
      "50": 2,
      "51": 1,
      "52": 2,
      "53": 3,
      "54": 2,
      "55": 4,
      "56": 2,
      "57": 2,
      "58": 2,
      "59": 1,
      "60": 1,
      "61": 3,
      "62": 1,
      "63": 1,
      "64": 1,
      "70": 1,
      "71": 2,
      "74": 1,
      "75": 1,
      "78": 1,
      "81": 1,
      "85": 1,
      "155": 1
    },
    "completed_by_exact_group": {
      "2": 252,
      "3": 243,
      "4": 175,
      "5": 170,
      "6": 135,
      "7": 122,
      "8": 95,
      "9": 54,
      "10": 49,
      "11": 54,
      "12": 47,
      "13": 32,
      "14": 30,
      "15": 28,
      "16": 26,
      "17": 13,
      "18": 33,
      "19": 20,
      "20": 18,
      "21": 16,
      "22": 18,
      "23": 12,
      "24": 17,
      "25": 7,
      "26": 12,
      "27": 9,
      "28": 10,
      "29": 7,
      "30": 6,
      "31": 11,
      "32": 16,
      "33": 5,
      "34": 5,
      "35": 7,
      "36": 3,
      "37": 5,
      "38": 2,
      "39": 7,
      "40": 7,
      "41": 4,
      "42": 4,
      "43": 5,
      "44": 1,
      "45": 3,
      "46": 2,
      "47": 1,
      "48": 1,
      "49": 3,
      "50": 2,
      "51": 1,
      "52": 2,
      "53": 3,
      "54": 2,
      "55": 4,
      "56": 2,
      "57": 2,
      "58": 2,
      "59": 1,
      "60": 1,
      "61": 3,
      "62": 1,
      "63": 1,
      "64": 1,
      "70": 1,
      "71": 2,
      "74": 1,
      "75": 1,
      "78": 1,
      "81": 1,
      "85": 1,
      "155": 1
    },
    "group_finish_times_sec": {
      "2": 1.1104,
      "3": 4.0185,
      "4": 7.2954,
      "5": 11.6889,
      "6": 16.6026,
      "7": 22.2693,
      "8": 26.5179,
      "9": 29.5904,
      "10": 33.2852,
      "11": 37.22,
      "12": 41.3896,
      "13": 44.0898,
      "14": 47.1057,
      "15": 49.8855,
      "16": 52.835,
      "17": 54.6088,
      "18": 59.0492,
      "19": 61.9333,
      "20": 64.3857,
      "21": 67.4048,
      "22": 70.299,
      "23": 72.4923,
      "24": 75.5293,
      "25": 76.6709,
      "26": 79.7526,
      "27": 81.6686,
      "28": 83.577,
      "29": 85.2416,
      "30": 87.2055,
      "31": 89.19,
      "32": 93.3245,
      "33": 93.6621,
      "34": 94.7087,
      "35": 96.6384,
      "36": 97.6277,
      "37": 99.3588,
      "38": 99.9679,
      "39": 101.6807,
      "40": 103.2979,
      "41": 104.1793,
      "42": 106.081,
      "43": 107.4468,
      "44": 107.4469,
      "45": 108.4279,
      "46": 108.9593,
      "47": 109.4668,
      "48": 110.0879,
      "49": 111.4765,
      "50": 112.5248,
      "51": 113.1152,
      "52": 113.1152,
      "53": 113.7449,
      "54": 114.741,
      "55": 115.9502,
      "56": 116.5092,
      "57": 117.7686,
      "58": 118.8313,
      "59": 118.8314,
      "60": 119.5091,
      "61": 119.5092,
      "62": 119.8936,
      "63": 120.738,
      "64": 120.7381,
      "70": 121.5741,
      "71": 121.5742,
      "74": 122.207,
      "75": 122.207,
      "78": 123.3477,
      "81": 123.3478,
      "85": 124.5137,
      "155": 126.543
    }
  },
  "variants": [
    {
      "variant": "none",
      "objective": 32453.0,
      "distance": 7342.999999999999,
      "floors": 6,
      "thms": 1662,
      "pick_rows": 2077,
      "visited_nodes": 664,
      "base_time": 126.78129383316264,
      "cleanup_time": 0.0006154580041766167,
      "total_time": 126.78190929116681,
      "pick_output": "benchmark_outputs/route_cleanup_comparison/4000_sample/none_pick.csv",
      "alt_output": "benchmark_outputs/route_cleanup_comparison/4000_sample/none_alt.csv"
    },
    {
      "variant": "2-opt",
      "objective": 32328.440000000002,
      "distance": 7218.4400000000005,
      "floors": 6,
      "thms": 1662,
      "pick_rows": 2077,
      "visited_nodes": 664,
      "base_time": 126.78129383316264,
      "cleanup_time": 0.44287699996493757,
      "total_time": 127.22417083312757,
      "pick_output": "benchmark_outputs/route_cleanup_comparison/4000_sample/two_opt_pick.csv",
      "alt_output": "benchmark_outputs/route_cleanup_comparison/4000_sample/two_opt_alt.csv"
    },
    {
      "variant": "swap",
      "objective": 32441.4,
      "distance": 7331.4,
      "floors": 6,
      "thms": 1662,
      "pick_rows": 2077,
      "visited_nodes": 664,
      "base_time": 126.78129383316264,
      "cleanup_time": 5.2755247910972685,
      "total_time": 132.0568186242599,
      "pick_output": "benchmark_outputs/route_cleanup_comparison/4000_sample/swap_pick.csv",
      "alt_output": "benchmark_outputs/route_cleanup_comparison/4000_sample/swap_alt.csv"
    },
    {
      "variant": "relocate",
      "objective": 32411.44,
      "distance": 7301.44,
      "floors": 6,
      "thms": 1662,
      "pick_rows": 2077,
      "visited_nodes": 664,
      "base_time": 126.78129383316264,
      "cleanup_time": 14.001151666976511,
      "total_time": 140.78244550013915,
      "pick_output": "benchmark_outputs/route_cleanup_comparison/4000_sample/relocate_pick.csv",
      "alt_output": "benchmark_outputs/route_cleanup_comparison/4000_sample/relocate_alt.csv"
    }
  ]
}