{
  "algorithm": "LK seed for 1-location articles + ascending grouped insertion + open THM shortcut",
  "objective_value": 41243.12,
  "distance": 8228.120000000003,
  "floors": 6,
  "thms": 2189,
  "pick_rows": 2825,
  "visited_nodes": 901,
  "solve_time": 9.098796166945249,
  "phase_times": {
    "prep_single_location": 0.026698000030592084,
    "lk_seed_route": 0.08399995788931847,
    "ascending_grouped_phase": 8.834644000045955,
    "total": 9.098796166945249
  },
  "notes": {
    "grouping": "1-location prep -> LK route seed -> exact candidate-count groups ascending 2,3,4,...",
    "open_thm_shortcut": "enabled",
    "route_cleanup": "disabled (no 2-opt)",
    "lk_seed_floor_times": {
      "MZN1": 0.0029235000256448984,
      "MZN2": 0.017024541972205043,
      "MZN3": 0.008945374982431531,
      "MZN4": 0.01979208388365805,
      "MZN5": 0.020049999933689833,
      "MZN6": 0.015257999999448657
    },
    "time_limit_sec": 0.0001,
    "timed_out": true,
    "timeout_group": 2,
    "timeout_article": 747,
    "fallback_on_time_limit": true,
    "fallback_used": true,
    "remaining_articles_before_fallback": 2448,
    "remaining_units_before_fallback": 6207,
    "fast_reuse_steps": 0,
    "strict_steps": 0,
    "strict_candidate_evals": 0,
    "strict_position_evals": 0,
    "fallback_time": 8.833158458117396,
    "fallback_articles": 2448,
    "fallback_steps": 2514,
    "fallback_candidate_evals": 25657,
    "fallback_seed": 7,
    "fallback_alpha": 0.25,
    "fallback_article_rcl_size": 6,
    "fallback_location_rcl_size": 5
  },
  "distribution": {
    "1": 311,
    "2": 367,
    "3": 324,
    "4": 236,
    "5": 231,
    "6": 185,
    "7": 161,
    "8": 117,
    "9": 75,
    "10": 63,
    "11": 65,
    "12": 58,
    "13": 40,
    "14": 41,
    "15": 39,
    "16": 32,
    "17": 21,
    "18": 40,
    "19": 25,
    "20": 22,
    "21": 21,
    "22": 24,
    "23": 16,
    "24": 24,
    "25": 7,
    "26": 16,
    "27": 10,
    "28": 10,
    "29": 9,
    "30": 8,
    "31": 13,
    "32": 18,
    "33": 6,
    "34": 7,
    "35": 8,
    "36": 5,
    "37": 6,
    "38": 4,
    "39": 7,
    "40": 11,
    "41": 6,
    "42": 5,
    "43": 6,
    "44": 3,
    "45": 3,
    "46": 2,
    "47": 2,
    "48": 1,
    "49": 4,
    "50": 2,
    "51": 2,
    "52": 2,
    "53": 3,
    "54": 2,
    "55": 4,
    "56": 3,
    "57": 3,
    "58": 2,
    "59": 1,
    "60": 1,
    "61": 4,
    "62": 1,
    "63": 1,
    "64": 1,
    "65": 1,
    "70": 1,
    "71": 2,
    "74": 1,
    "75": 2,
    "78": 1,
    "81": 1,
    "85": 1,
    "88": 1,
    "155": 1
  },
  "completed_by_exact_group": {
    "2": 0,
    "3": 0,
    "4": 0,
    "5": 0,
    "6": 0,
    "7": 0,
    "8": 0,
    "9": 0,
    "10": 0,
    "11": 0,
    "12": 0,
    "13": 0,
    "14": 0,
    "15": 0,
    "16": 0,
    "17": 0,
    "18": 0,
    "19": 0,
    "20": 0,
    "21": 0,
    "22": 0,
    "23": 0,
    "24": 0,
    "25": 0,
    "26": 0,
    "27": 0,
    "28": 0,
    "29": 0,
    "30": 0,
    "31": 0,
    "32": 0,
    "33": 0,
    "34": 0,
    "35": 0,
    "36": 0,
    "37": 0,
    "38": 0,
    "39": 0,
    "40": 0,
    "41": 0,
    "42": 0,
    "43": 0,
    "44": 0,
    "45": 0,
    "46": 0,
    "47": 0,
    "48": 0,
    "49": 0,
    "50": 0,
    "51": 0,
    "52": 0,
    "53": 0,
    "54": 0,
    "55": 0,
    "56": 0,
    "57": 0,
    "58": 0,
    "59": 0,
    "60": 0,
    "61": 0,
    "62": 0,
    "63": 0,
    "64": 0,
    "65": 0,
    "70": 0,
    "71": 0,
    "74": 0,
    "75": 0,
    "78": 0,
    "81": 0,
    "85": 0,
    "88": 0,
    "155": 0
  },
  "group_finish_times_sec": {
    "2": 0.0
  }
}