{
  "algorithm": "Pure Strict Grouped Cheapest Insertion (No Cap)",
  "objective_value": 41546.56,
  "distance": 8546.56,
  "floors": 6,
  "thms": 2188,
  "pick_rows": 2823,
  "visited_nodes": 811,
  "solve_time": 292.8893430829048,
  "phase_times": {
    "prep_single_location": 0.026661749929189682,
    "strict_grouped_insertion": 292.8626813329756,
    "total": 292.8893430829048
  },
  "notes": {
    "grouping": "1-location prep, then exact candidate-count groups 2,3,4,...",
    "route_cleanup": "disabled (no 2-opt)",
    "strict_candidate_evals": 25548,
    "strict_position_evals": 2375712
  },
  "distribution": {
    "1": 311,
    "2": 367,
    "3": 324,
    "4": 236,
    "5": 231,
    "6": 185,
    "7": 161,
    "8": 117,
    "9": 75,
    "10": 63,
    "11": 65,
    "12": 58,
    "13": 40,
    "14": 41,
    "15": 39,
    "16": 32,
    "17": 21,
    "18": 40,
    "19": 25,
    "20": 22,
    "21": 21,
    "22": 24,
    "23": 16,
    "24": 24,
    "25": 7,
    "26": 16,
    "27": 10,
    "28": 10,
    "29": 9,
    "30": 8,
    "31": 13,
    "32": 18,
    "33": 6,
    "34": 7,
    "35": 8,
    "36": 5,
    "37": 6,
    "38": 4,
    "39": 7,
    "40": 11,
    "41": 6,
    "42": 5,
    "43": 6,
    "44": 3,
    "45": 3,
    "46": 2,
    "47": 2,
    "48": 1,
    "49": 4,
    "50": 2,
    "51": 2,
    "52": 2,
    "53": 3,
    "54": 2,
    "55": 4,
    "56": 3,
    "57": 3,
    "58": 2,
    "59": 1,
    "60": 1,
    "61": 4,
    "62": 1,
    "63": 1,
    "64": 1,
    "65": 1,
    "70": 1,
    "71": 2,
    "74": 1,
    "75": 2,
    "78": 1,
    "81": 1,
    "85": 1,
    "88": 1,
    "155": 1
  },
  "completed_by_exact_group": {
    "2": 367,
    "3": 324,
    "4": 236,
    "5": 231,
    "6": 185,
    "7": 161,
    "8": 117,
    "9": 75,
    "10": 63,
    "11": 65,
    "12": 58,
    "13": 40,
    "14": 41,
    "15": 39,
    "16": 32,
    "17": 21,
    "18": 40,
    "19": 25,
    "20": 22,
    "21": 21,
    "22": 24,
    "23": 16,
    "24": 24,
    "25": 7,
    "26": 16,
    "27": 10,
    "28": 10,
    "29": 9,
    "30": 8,
    "31": 13,
    "32": 18,
    "33": 6,
    "34": 7,
    "35": 8,
    "36": 5,
    "37": 6,
    "38": 4,
    "39": 7,
    "40": 11,
    "41": 6,
    "42": 5,
    "43": 6,
    "44": 3,
    "45": 3,
    "46": 2,
    "47": 2,
    "48": 1,
    "49": 4,
    "50": 2,
    "51": 2,
    "52": 2,
    "53": 3,
    "54": 2,
    "55": 4,
    "56": 3,
    "57": 3,
    "58": 2,
    "59": 1,
    "60": 1,
    "61": 4,
    "62": 1,
    "63": 1,
    "64": 1,
    "65": 1,
    "70": 1,
    "71": 2,
    "74": 1,
    "75": 2,
    "78": 1,
    "81": 1,
    "85": 1,
    "88": 1,
    "155": 1
  },
  "group_finish_times_sec": {
    "2": 2.4108,
    "3": 7.7959,
    "4": 14.8555,
    "5": 24.6546,
    "6": 35.3692,
    "7": 47.7091,
    "8": 57.9646,
    "9": 64.9883,
    "10": 72.6141,
    "11": 80.9543,
    "12": 89.3622,
    "13": 95.6533,
    "14": 102.4171,
    "15": 109.4959,
    "16": 116.0149,
    "17": 120.107,
    "18": 128.8842,
    "19": 134.5193,
    "20": 140.881,
    "21": 146.6985,
    "22": 153.5451,
    "23": 158.6455,
    "24": 166.8299,
    "25": 169.5119,
    "26": 175.4079,
    "27": 178.8671,
    "28": 182.7311,
    "29": 186.0696,
    "30": 189.4278,
    "31": 194.4475,
    "32": 202.3839,
    "33": 204.9012,
    "34": 208.1059,
    "35": 211.2032,
    "36": 212.8646,
    "37": 216.2305,
    "38": 217.8608,
    "39": 221.2816,
    "40": 227.4894,
    "41": 231.4471,
    "42": 234.3954,
    "43": 237.4653,
    "44": 239.6877,
    "45": 241.7157,
    "46": 243.1432,
    "47": 244.2817,
    "48": 244.6698,
    "49": 247.1706,
    "50": 248.6097,
    "51": 249.9061,
    "52": 251.3711,
    "53": 253.5144,
    "54": 254.5332,
    "55": 258.5752,
    "56": 260.8393,
    "57": 263.3543,
    "58": 264.8599,
    "59": 266.348,
    "60": 267.083,
    "61": 271.3347,
    "62": 271.7821,
    "63": 272.9424,
    "64": 273.9169,
    "65": 276.5122,
    "70": 277.4255,
    "71": 279.4895,
    "74": 280.4006,
    "75": 283.9832,
    "78": 285.4932,
    "81": 286.5898,
    "85": 288.9541,
    "88": 290.4817,
    "155": 292.8627
  }
}